model,press_name,pretty_name,query_aware,configured_ratio,achieved_ratio,score_macro13,niah_single_1,niah_single_2,niah_single_3,niah_multikey_1,niah_multikey_2,niah_multikey_3,niah_multiquery,niah_multivalue,vt,cwe,fwe,qa_1,qa_2,press_init_command
Qwen/Qwen3-8B,adakv_compactor,AdaKVCompactor,False,0.25,0.25,94.59,100.0,100.0,99.8,100.0,99.4,95.0,100.0,99.95,100.0,98.42,95.13,80.0,62.0,"AdaKVPress(press=CompactorPress(compression_ratio=0.25, sink_size_start=8, sink_size_end=4, chunk_size=256, sketch_dimension=48, blending=None, _leverage_press=LeverageScorePress(compression_ratio=0.25, sketch_dimension=48), _non_causal_press=NonCausalAttnPress(compression_ratio=0.25, chunk_size=256)), alpha_safeguard=0.2)"
Qwen/Qwen3-8B,adakv_compactor,AdaKVCompactor,False,0.5,0.5,92.35,100.0,100.0,99.4,99.2,91.2,85.8,99.8,99.8,100.0,96.3,93.87,76.8,58.4,"AdaKVPress(press=CompactorPress(compression_ratio=0.5, sink_size_start=8, sink_size_end=4, chunk_size=256, sketch_dimension=48, blending=None, _leverage_press=LeverageScorePress(compression_ratio=0.5, sketch_dimension=48), _non_causal_press=NonCausalAttnPress(compression_ratio=0.5, chunk_size=256)), alpha_safeguard=0.2)"
Qwen/Qwen3-8B,adakv_compactor,AdaKVCompactor,False,0.75,0.75,76.47,100.0,100.0,95.6,90.4,31.0,0.8,95.55,97.5,100.0,84.82,90.07,60.0,48.4,"AdaKVPress(press=CompactorPress(compression_ratio=0.75, sink_size_start=8, sink_size_end=4, chunk_size=256, sketch_dimension=48, blending=None, _leverage_press=LeverageScorePress(compression_ratio=0.75, sketch_dimension=48), _non_causal_press=NonCausalAttnPress(compression_ratio=0.75, chunk_size=256)), alpha_safeguard=0.2)"
Qwen/Qwen3-8B,adakv_compactor,AdaKVCompactor,False,0.875,0.875,55.06,100.0,95.2,59.8,40.0,1.8,0.0,42.45,57.3,100.0,57.2,81.0,45.2,35.8,"AdaKVPress(press=CompactorPress(compression_ratio=0.875, sink_size_start=8, sink_size_end=4, chunk_size=256, sketch_dimension=48, blending=None, _leverage_press=LeverageScorePress(compression_ratio=0.875, sketch_dimension=48), _non_causal_press=NonCausalAttnPress(compression_ratio=0.875, chunk_size=256)), alpha_safeguard=0.2)"
Qwen/Qwen3-8B,adakv_snapkv,AdaSnapKV,True,0.25,0.25,95.25,100.0,100.0,99.2,100.0,100.0,100.0,100.0,99.95,100.0,98.98,95.53,81.6,63.0,"AdaKVPress(press=SnapKVPress(compression_ratio=0.25, window_size=64, kernel_size=5), alpha_safeguard=0.2)"
Qwen/Qwen3-8B,adakv_snapkv,AdaSnapKV,True,0.5,0.5,89.85,100.0,100.0,46.2,99.8,97.2,99.8,100.0,89.25,99.8,98.76,94.47,80.6,62.2,"AdaKVPress(press=SnapKVPress(compression_ratio=0.5, window_size=64, kernel_size=5), alpha_safeguard=0.2)"
Qwen/Qwen3-8B,adakv_snapkv,AdaSnapKV,True,0.75,0.75,78.39,100.0,100.0,3.6,98.4,69.4,84.8,99.9,41.35,93.08,96.76,89.6,81.2,61.0,"AdaKVPress(press=SnapKVPress(compression_ratio=0.75, window_size=64, kernel_size=5), alpha_safeguard=0.2)"
Qwen/Qwen3-8B,adakv_snapkv,AdaSnapKV,True,0.875,0.875,57.27,91.6,84.6,2.4,58.2,36.8,17.4,81.05,18.6,61.64,76.64,80.73,76.6,58.2,"AdaKVPress(press=SnapKVPress(compression_ratio=0.875, window_size=64, kernel_size=5), alpha_safeguard=0.2)"
Qwen/Qwen3-8B,chunkkv,ChunkKV,True,0.25,0.25,95.32,100.0,100.0,100.0,100.0,100.0,100.0,99.95,99.95,100.0,99.06,94.8,81.6,63.8,"ChunkKVPress(press=SnapKVPress(compression_ratio=0.25, window_size=64, kernel_size=5), chunk_length=20)"
Qwen/Qwen3-8B,chunkkv,ChunkKV,True,0.5,0.5,94.21,100.0,100.0,96.8,100.0,97.0,99.6,99.95,97.5,99.96,98.0,92.33,80.8,62.8,"ChunkKVPress(press=SnapKVPress(compression_ratio=0.5, window_size=64, kernel_size=5), chunk_length=20)"
Qwen/Qwen3-8B,chunkkv,ChunkKV,True,0.75,0.75,87.04,100.0,100.0,71.6,97.2,81.0,83.8,98.05,84.8,98.28,86.98,87.8,81.4,60.6,"ChunkKVPress(press=SnapKVPress(compression_ratio=0.75, window_size=64, kernel_size=5), chunk_length=20)"
Qwen/Qwen3-8B,chunkkv,ChunkKV,True,0.875,0.875,61.19,100.0,90.8,3.6,65.8,63.2,36.2,66.25,49.1,55.76,53.6,81.93,75.8,53.4,"ChunkKVPress(press=SnapKVPress(compression_ratio=0.875, window_size=64, kernel_size=5), chunk_length=20)"
Qwen/Qwen3-8B,cur,CUR,False,0.25,0.25,93.08,100.0,99.8,93.6,99.6,100.0,83.4,99.75,99.7,100.0,98.94,94.47,79.6,61.2,"CURPress(compression_ratio=0.25, num_sinks=4, leverage_type='kv_product', use_random_leverage=False, use_local_approximation=True, local_window_size=16)"
Qwen/Qwen3-8B,cur,CUR,False,0.5,0.5,75.69,97.6,84.4,2.8,89.0,98.6,3.6,93.5,95.05,99.76,96.6,93.8,72.2,57.0,"CURPress(compression_ratio=0.5, num_sinks=4, leverage_type='kv_product', use_random_leverage=False, use_local_approximation=True, local_window_size=16)"
Qwen/Qwen3-8B,cur,CUR,False,0.75,0.75,40.36,57.8,28.4,0.0,29.4,24.2,0.0,36.85,43.55,85.84,63.94,52.27,56.4,46.0,"CURPress(compression_ratio=0.75, num_sinks=4, leverage_type='kv_product', use_random_leverage=False, use_local_approximation=True, local_window_size=16)"
Qwen/Qwen3-8B,cur,CUR,False,0.875,0.875,15.61,4.0,2.4,0.0,4.0,0.4,0.0,4.0,4.9,45.6,39.26,15.73,44.4,38.2,"CURPress(compression_ratio=0.875, num_sinks=4, leverage_type='kv_product', use_random_leverage=False, use_local_approximation=True, local_window_size=16)"
Qwen/Qwen3-8B,duo_attention_on_the_fly,DuoAttnOnTheFly,False,0.25,0.2242,94.99,100.0,99.8,99.2,100.0,100.0,98.8,99.95,100.0,99.2,98.48,95.07,80.8,63.6,"DuoAttentionPress(head_compression_ratio=0.25, on_the_fly_scoring=True, compression_ratio_=None, recent_size=None, sink_size=None, streaming_mask=None)"
Qwen/Qwen3-8B,duo_attention_on_the_fly,DuoAttnOnTheFly,False,0.5,0.4484,38.45,67.2,40.4,12.0,24.8,9.0,5.4,24.95,20.1,10.28,82.36,90.13,75.4,37.8,"DuoAttentionPress(head_compression_ratio=0.5, on_the_fly_scoring=True, compression_ratio_=None, recent_size=None, sink_size=None, streaming_mask=None)"
Qwen/Qwen3-8B,duo_attention_on_the_fly,DuoAttnOnTheFly,False,0.75,0.6726,20.8,9.4,10.4,12.0,13.2,7.2,4.4,12.45,12.35,9.84,0.6,79.4,72.8,26.4,"DuoAttentionPress(head_compression_ratio=0.75, on_the_fly_scoring=True, compression_ratio_=None, recent_size=None, sink_size=None, streaming_mask=None)"
Qwen/Qwen3-8B,duo_attention_on_the_fly,DuoAttnOnTheFly,False,0.875,0.7846,20.76,9.4,10.4,12.0,13.2,7.2,4.2,12.5,12.35,9.76,0.7,79.33,72.6,26.2,"DuoAttentionPress(head_compression_ratio=0.875, on_the_fly_scoring=True, compression_ratio_=None, recent_size=None, sink_size=None, streaming_mask=None)"
Qwen/Qwen3-8B,expected_attention,ExpectedAttention(AdaKV-wrapped),False,0.25,0.25,95.02,100.0,100.0,100.0,99.8,100.0,99.6,100.0,99.95,100.0,98.86,95.27,79.2,62.6,"AdaKVPress(press=ExpectedAttentionPress(compression_ratio=0.25, n_future_positions=512, n_sink=4, use_covariance=True, use_vnorm=True, epsilon=0.01), alpha_safeguard=0.2)"
Qwen/Qwen3-8B,expected_attention,ExpectedAttention(AdaKV-wrapped),False,0.5,0.5,94.72,100.0,100.0,100.0,99.6,100.0,99.8,100.0,99.95,100.0,98.94,95.27,77.6,60.2,"AdaKVPress(press=ExpectedAttentionPress(compression_ratio=0.5, n_future_positions=512, n_sink=4, use_covariance=True, use_vnorm=True, epsilon=0.01), alpha_safeguard=0.2)"
Qwen/Qwen3-8B,expected_attention,ExpectedAttention(AdaKV-wrapped),False,0.75,0.75,88.33,100.0,99.8,85.4,99.0,98.2,53.6,99.95,99.85,100.0,97.72,94.33,65.4,55.0,"AdaKVPress(press=ExpectedAttentionPress(compression_ratio=0.75, n_future_positions=512, n_sink=4, use_covariance=True, use_vnorm=True, epsilon=0.01), alpha_safeguard=0.2)"
Qwen/Qwen3-8B,expected_attention,ExpectedAttention(AdaKV-wrapped),False,0.875,0.875,72.78,99.8,98.0,26.6,97.0,74.2,0.4,97.4,96.75,99.84,73.84,91.47,46.2,44.6,"AdaKVPress(press=ExpectedAttentionPress(compression_ratio=0.875, n_future_positions=512, n_sink=4, use_covariance=True, use_vnorm=True, epsilon=0.01), alpha_safeguard=0.2)"
Qwen/Qwen3-8B,fastkvzip,FastKVzip,False,0.25,0.25,95.24,100.0,100.0,100.0,100.0,100.0,100.0,99.9,100.0,100.0,98.9,95.33,81.0,63.0,"FastKVzipPress(compression_ratio=0.25, layerwise=False, n_sink=4, window_size=4096, window_ratio=0.02, gates=None, score_val=None)"
Qwen/Qwen3-8B,fastkvzip,FastKVzip,False,0.5,0.5,95.23,100.0,100.0,100.0,100.0,100.0,100.0,99.95,99.95,100.0,98.88,95.67,80.6,63.0,"FastKVzipPress(compression_ratio=0.5, layerwise=False, n_sink=4, window_size=4096, window_ratio=0.02, gates=None, score_val=None)"
Qwen/Qwen3-8B,fastkvzip,FastKVzip,False,0.75,0.75,94.78,100.0,100.0,100.0,99.2,100.0,99.4,100.0,99.85,100.0,98.44,94.47,80.2,60.6,"FastKVzipPress(compression_ratio=0.75, layerwise=False, n_sink=4, window_size=4096, window_ratio=0.02, gates=None, score_val=None)"
Qwen/Qwen3-8B,fastkvzip,FastKVzip,False,0.875,0.875,88.78,100.0,98.6,99.2,79.0,99.0,96.8,99.0,80.65,100.0,81.04,89.07,74.2,57.6,"FastKVzipPress(compression_ratio=0.875, layerwise=False, n_sink=4, window_size=4096, window_ratio=0.02, gates=None, score_val=None)"
Qwen/Qwen3-8B,finch,Finch,True,0.25,0.25,95.2,100.0,100.0,100.0,100.0,99.4,99.8,100.0,100.0,100.0,98.62,95.53,81.6,62.6,"FinchPress(compression_ratio=0.25, chunk_length=None, normalize_scores=True, rerotate_keys=True, delimiter_token=None, delimiter_token_id=None, window_size=None)"
Qwen/Qwen3-8B,finch,Finch,True,0.5,0.5,93.46,100.0,100.0,95.0,100.0,96.2,93.4,100.0,99.95,99.96,95.26,94.4,80.2,60.6,"FinchPress(compression_ratio=0.5, chunk_length=None, normalize_scores=True, rerotate_keys=True, delimiter_token=None, delimiter_token_id=None, window_size=None)"
Qwen/Qwen3-8B,finch,Finch,True,0.75,0.75,80.51,100.0,100.0,27.2,99.8,76.8,60.0,100.0,88.05,99.76,66.12,93.33,77.6,58.0,"FinchPress(compression_ratio=0.75, chunk_length=None, normalize_scores=True, rerotate_keys=True, delimiter_token=None, delimiter_token_id=None, window_size=None)"
Qwen/Qwen3-8B,finch,Finch,True,0.875,0.875,61.68,100.0,100.0,0.6,99.8,25.8,4.4,99.55,44.0,86.64,25.72,84.87,75.2,55.2,"FinchPress(compression_ratio=0.875, chunk_length=None, normalize_scores=True, rerotate_keys=True, delimiter_token=None, delimiter_token_id=None, window_size=None)"
Qwen/Qwen3-8B,keydiff,KeyDiff,False,0.25,0.25,89.4,100.0,100.0,99.8,97.0,89.8,67.8,99.8,99.95,100.0,97.06,91.33,73.6,46.0,KeyDiffPress(compression_ratio=0.25)
Qwen/Qwen3-8B,keydiff,KeyDiff,False,0.5,0.5,78.57,100.0,99.8,99.0,94.8,55.0,18.6,99.25,99.85,100.0,90.7,85.07,51.6,27.8,KeyDiffPress(compression_ratio=0.5)
Qwen/Qwen3-8B,keydiff,KeyDiff,False,0.75,0.75,64.44,100.0,92.8,92.8,79.0,13.0,2.0,92.65,94.2,98.88,66.24,68.4,24.4,13.4,KeyDiffPress(compression_ratio=0.75)
Qwen/Qwen3-8B,keydiff,KeyDiff,False,0.875,0.875,45.51,100.0,65.0,79.4,61.2,2.2,0.0,74.6,67.65,54.84,18.08,44.8,13.2,10.6,KeyDiffPress(compression_ratio=0.875)
Qwen/Qwen3-8B,knorm,Knorm,False,0.25,0.25,87.21,100.0,100.0,97.2,99.8,92.0,61.8,99.7,99.6,92.96,96.68,89.4,58.4,46.2,KnormPress(compression_ratio=0.25)
Qwen/Qwen3-8B,knorm,Knorm,False,0.5,0.5,68.31,100.0,99.4,87.0,92.0,39.2,8.4,92.8,92.1,53.08,89.24,80.87,29.4,24.6,KnormPress(compression_ratio=0.5)
Qwen/Qwen3-8B,knorm,Knorm,False,0.75,0.75,32.63,75.0,79.2,17.6,38.4,3.2,1.2,37.85,48.9,7.16,38.06,54.87,11.8,11.0,KnormPress(compression_ratio=0.75)
Qwen/Qwen3-8B,knorm,Knorm,False,0.875,0.875,8.9,19.6,32.8,0.0,8.0,0.2,0.0,5.75,7.0,0.0,5.94,18.6,8.6,9.2,KnormPress(compression_ratio=0.875)
Qwen/Qwen3-8B,kvzip,KVzip,False,0.25,0.25,95.29,100.0,100.0,100.0,100.0,100.0,100.0,99.95,100.0,100.0,98.94,95.33,81.2,63.4,"KVzipPress(compression_ratio=0.25, layerwise=False, n_sink=4, kvzip_plus_normalization=False)"
Qwen/Qwen3-8B,kvzip,KVzip,False,0.5,0.5,95.18,100.0,100.0,100.0,100.0,100.0,100.0,99.95,99.95,100.0,99.06,95.6,80.0,62.8,"KVzipPress(compression_ratio=0.5, layerwise=False, n_sink=4, kvzip_plus_normalization=False)"
Qwen/Qwen3-8B,kvzip,KVzip,False,0.75,0.75,95.02,100.0,100.0,100.0,99.6,100.0,99.8,100.0,99.9,100.0,98.92,96.2,80.4,60.4,"KVzipPress(compression_ratio=0.75, layerwise=False, n_sink=4, kvzip_plus_normalization=False)"
Qwen/Qwen3-8B,kvzip,KVzip,False,0.875,0.875,92.24,100.0,99.2,99.4,94.0,99.4,97.0,99.4,91.85,100.0,91.34,91.33,78.0,58.2,"KVzipPress(compression_ratio=0.875, layerwise=False, n_sink=4, kvzip_plus_normalization=False)"
Qwen/Qwen3-8B,lagkv,LagKV,False,0.25,0.25,89.36,100.0,100.0,99.6,99.2,98.4,33.6,100.0,99.95,100.0,99.1,93.47,77.6,60.8,"LagKVPress(compression_ratio=0.25, n_sink=4, lag_size=128, cross_scoring=False)"
Qwen/Qwen3-8B,lagkv,LagKV,False,0.5,0.5,82.51,100.0,100.0,91.2,95.6,72.6,2.2,99.0,99.0,100.0,98.72,89.07,72.8,52.4,"LagKVPress(compression_ratio=0.5, n_sink=4, lag_size=128, cross_scoring=False)"
Qwen/Qwen3-8B,lagkv,LagKV,False,0.75,0.75,65.49,100.0,98.6,15.4,80.2,7.4,0.8,86.85,88.0,100.0,90.14,78.33,65.0,40.6,"LagKVPress(compression_ratio=0.75, n_sink=4, lag_size=128, cross_scoring=False)"
Qwen/Qwen3-8B,lagkv,LagKV,False,0.875,0.875,46.52,96.6,84.0,7.8,31.8,4.2,1.0,37.65,41.1,85.76,55.92,63.47,62.8,32.6,"LagKVPress(compression_ratio=0.875, n_sink=4, lag_size=128, cross_scoring=False)"
Qwen/Qwen3-8B,no_press,NoCompression,False,0.0,0.0,95.32,100.0,100.0,100.0,100.0,100.0,100.0,99.9,100.0,100.0,98.94,95.27,81.6,63.4,
Qwen/Qwen3-8B,observed_attention,ObservedAttention(H2O),False,0.25,0.25,70.53,54.2,34.8,16.8,79.0,92.4,38.6,82.7,83.6,99.52,98.78,95.33,80.6,60.6,ObservedAttentionPress(compression_ratio=0.25)
Qwen/Qwen3-8B,observed_attention,ObservedAttention(H2O),False,0.5,0.5,51.43,20.2,13.4,10.0,50.6,36.2,10.6,49.8,51.7,96.4,98.68,95.27,79.2,56.6,ObservedAttentionPress(compression_ratio=0.5)
Qwen/Qwen3-8B,observed_attention,ObservedAttention(H2O),False,0.75,0.75,32.06,9.0,6.0,3.8,12.4,10.6,2.2,10.5,6.45,41.52,97.42,94.93,73.6,48.4,ObservedAttentionPress(compression_ratio=0.75)
Qwen/Qwen3-8B,observed_attention,ObservedAttention(H2O),False,0.875,0.875,24.83,4.0,2.6,2.4,4.6,4.4,0.6,4.75,3.5,9.72,89.3,91.93,66.0,39.0,ObservedAttentionPress(compression_ratio=0.875)
Qwen/Qwen3-8B,pyramidkv,PyramidKV,False,0.25,0.25,75.77,84.8,97.4,44.8,68.6,68.2,51.0,76.85,75.7,91.64,98.8,95.4,75.0,56.8,"PyramidKVPress(compression_ratio=0.25, window_size=64, kernel_size=5, beta=20)"
Qwen/Qwen3-8B,pyramidkv,PyramidKV,False,0.5,0.5,40.67,68.4,22.8,4.2,18.0,30.0,11.2,20.1,17.85,62.6,81.86,90.53,59.2,42.0,"PyramidKVPress(compression_ratio=0.5, window_size=64, kernel_size=5, beta=20)"
Qwen/Qwen3-8B,pyramidkv,PyramidKV,False,0.75,0.75,30.0,39.2,14.8,5.2,19.4,9.4,1.6,16.7,12.65,33.12,53.72,88.27,54.2,41.8,"PyramidKVPress(compression_ratio=0.75, window_size=64, kernel_size=5, beta=20)"
Qwen/Qwen3-8B,pyramidkv,PyramidKV,False,0.875,0.875,21.97,10.2,8.6,2.4,13.8,3.8,0.4,11.9,10.25,10.4,62.4,80.47,41.8,29.2,"PyramidKVPress(compression_ratio=0.875, window_size=64, kernel_size=5, beta=20)"
Qwen/Qwen3-8B,random,Random,False,0.25,0.25,89.94,96.6,92.8,85.2,95.6,96.6,83.0,97.1,96.15,99.08,97.86,94.07,76.0,59.2,"RandomPress(compression_ratio=0.25, seed=None)"
Qwen/Qwen3-8B,random,Random,False,0.5,0.5,50.83,47.0,44.4,7.0,52.0,47.0,1.4,50.1,48.95,76.0,93.6,91.8,54.6,47.0,"RandomPress(compression_ratio=0.5, seed=None)"
Qwen/Qwen3-8B,random,Random,False,0.75,0.75,12.43,0.2,0.6,0.0,0.6,0.6,0.0,0.65,0.6,4.2,39.82,74.27,20.6,19.4,"RandomPress(compression_ratio=0.75, seed=None)"
Qwen/Qwen3-8B,random,Random,False,0.875,0.875,4.23,0.0,0.0,0.0,0.0,0.0,0.0,0.0,0.0,0.08,3.04,32.13,9.0,10.8,"RandomPress(compression_ratio=0.875, seed=None)"
Qwen/Qwen3-8B,snapkv,SnapKV,False,0.25,0.25,84.05,88.2,99.8,84.2,84.6,75.2,58.4,88.4,89.05,94.2,98.96,95.4,78.0,58.2,"SnapKVPress(compression_ratio=0.25, window_size=64, kernel_size=5)"
Qwen/Qwen3-8B,snapkv,SnapKV,True,0.25,0.25,94.59,100.0,100.0,96.0,100.0,96.4,100.0,100.0,99.65,99.4,99.0,95.27,81.0,63.0,"SnapKVPress(compression_ratio=0.25, window_size=64, kernel_size=5)"
Qwen/Qwen3-8B,snapkv,SnapKV,False,0.5,0.5,55.71,74.6,70.6,14.4,39.6,30.6,20.0,40.9,39.65,81.16,98.54,93.8,69.0,51.4,"SnapKVPress(compression_ratio=0.5, window_size=64, kernel_size=5)"
Qwen/Qwen3-8B,snapkv,SnapKV,True,0.5,0.5,87.64,100.0,100.0,40.4,100.0,81.0,98.4,100.0,86.9,96.84,98.54,93.4,80.6,63.2,"SnapKVPress(compression_ratio=0.5, window_size=64, kernel_size=5)"
Qwen/Qwen3-8B,snapkv,SnapKV,False,0.75,0.75,33.06,39.2,14.8,5.2,19.2,9.8,1.6,16.85,12.65,33.2,92.6,88.27,54.6,41.8,"SnapKVPress(compression_ratio=0.75, window_size=64, kernel_size=5)"
Qwen/Qwen3-8B,snapkv,SnapKV,True,0.75,0.75,74.32,98.8,100.0,5.2,98.8,48.8,60.0,99.95,49.4,84.76,92.78,85.73,80.0,62.0,"SnapKVPress(compression_ratio=0.75, window_size=64, kernel_size=5)"
Qwen/Qwen3-8B,snapkv,SnapKV,False,0.875,0.875,22.02,10.2,8.6,2.4,13.8,3.8,0.4,11.95,10.2,10.44,62.28,80.6,41.8,29.8,"SnapKVPress(compression_ratio=0.875, window_size=64, kernel_size=5)"
Qwen/Qwen3-8B,snapkv,SnapKV,True,0.875,0.875,55.51,71.8,98.4,2.4,79.6,20.4,8.0,92.6,26.5,50.04,61.22,75.67,77.2,57.8,"SnapKVPress(compression_ratio=0.875, window_size=64, kernel_size=5)"
Qwen/Qwen3-8B,streaming_llm,StreamingLLM,False,0.25,0.25,78.58,74.8,75.2,75.0,77.6,77.8,72.6,76.1,75.55,86.4,98.78,97.53,80.8,53.4,"StreamingLLMPress(compression_ratio=0.25, n_sink=4)"
Qwen/Qwen3-8B,streaming_llm,StreamingLLM,False,0.5,0.5,61.13,49.4,50.0,55.4,55.4,49.6,48.6,53.35,52.9,56.48,95.78,94.53,83.4,49.8,"StreamingLLMPress(compression_ratio=0.5, n_sink=4)"
Qwen/Qwen3-8B,streaming_llm,StreamingLLM,False,0.75,0.75,42.44,25.2,27.6,29.0,31.8,24.2,22.4,29.3,27.7,27.96,85.12,95.87,85.2,40.4,"StreamingLLMPress(compression_ratio=0.75, n_sink=4)"
Qwen/Qwen3-8B,streaming_llm,StreamingLLM,False,0.875,0.875,26.99,13.2,18.0,15.8,19.6,12.0,9.2,16.75,16.7,17.88,18.4,81.2,80.2,32.0,"StreamingLLMPress(compression_ratio=0.875, n_sink=4)"
Qwen/Qwen3-8B,tova,TOVA,False,0.25,0.25,82.49,100.0,100.0,100.0,100.0,30.4,12.2,99.9,100.0,100.0,96.42,93.0,80.4,60.0,TOVAPress(compression_ratio=0.25)
Qwen/Qwen3-8B,tova,TOVA,False,0.5,0.5,77.61,100.0,100.0,97.8,100.0,6.6,0.4,100.0,99.9,100.0,84.2,89.8,75.6,54.6,TOVAPress(compression_ratio=0.5)
Qwen/Qwen3-8B,tova,TOVA,False,0.75,0.75,62.38,80.8,100.0,15.2,94.8,1.4,0.0,96.7,96.9,96.32,51.78,81.07,55.8,40.2,TOVAPress(compression_ratio=0.75)
Qwen/Qwen3-8B,tova,TOVA,False,0.875,0.875,33.32,27.4,94.4,0.4,41.2,0.4,0.0,40.15,43.4,34.16,22.88,63.33,37.4,28.0,TOVAPress(compression_ratio=0.875)
meta-llama/Llama-3.1-8B-Instruct,adakv_compactor,AdaKVCompactor,False,0.25,0.25,95.69,100.0,100.0,100.0,99.8,100.0,99.6,99.95,99.9,99.88,99.2,95.2,87.4,63.0,"AdaKVPress(press=CompactorPress(compression_ratio=0.25, sink_size_start=8, sink_size_end=4, chunk_size=256, sketch_dimension=48, blending=None, _leverage_press=LeverageScorePress(compression_ratio=0.25, sketch_dimension=48), _non_causal_press=NonCausalAttnPress(compression_ratio=0.25, chunk_size=256)), alpha_safeguard=0.2)"
meta-llama/Llama-3.1-8B-Instruct,adakv_compactor,AdaKVCompactor,False,0.5,0.5,94.75,100.0,100.0,100.0,99.8,99.6,98.4,99.9,99.1,99.88,96.5,94.6,84.2,59.8,"AdaKVPress(press=CompactorPress(compression_ratio=0.5, sink_size_start=8, sink_size_end=4, chunk_size=256, sketch_dimension=48, blending=None, _leverage_press=LeverageScorePress(compression_ratio=0.5, sketch_dimension=48), _non_causal_press=NonCausalAttnPress(compression_ratio=0.5, chunk_size=256)), alpha_safeguard=0.2)"
meta-llama/Llama-3.1-8B-Instruct,adakv_compactor,AdaKVCompactor,False,0.75,0.75,83.06,100.0,99.8,100.0,99.2,93.8,3.8,99.2,97.15,99.84,74.68,89.33,69.8,53.2,"AdaKVPress(press=CompactorPress(compression_ratio=0.75, sink_size_start=8, sink_size_end=4, chunk_size=256, sketch_dimension=48, blending=None, _leverage_press=LeverageScorePress(compression_ratio=0.75, sketch_dimension=48), _non_causal_press=NonCausalAttnPress(compression_ratio=0.75, chunk_size=256)), alpha_safeguard=0.2)"
meta-llama/Llama-3.1-8B-Instruct,adakv_compactor,AdaKVCompactor,False,0.875,0.875,68.52,100.0,99.4,98.6,94.8,17.8,0.2,95.2,88.15,99.32,33.06,75.47,48.8,40.0,"AdaKVPress(press=CompactorPress(compression_ratio=0.875, sink_size_start=8, sink_size_end=4, chunk_size=256, sketch_dimension=48, blending=None, _leverage_press=LeverageScorePress(compression_ratio=0.875, sketch_dimension=48), _non_causal_press=NonCausalAttnPress(compression_ratio=0.875, chunk_size=256)), alpha_safeguard=0.2)"
meta-llama/Llama-3.1-8B-Instruct,adakv_snapkv,AdaSnapKV,True,0.25,0.25,95.4,100.0,100.0,96.8,99.8,100.0,99.6,99.9,99.9,99.92,99.48,94.6,87.8,62.4,"AdaKVPress(press=SnapKVPress(compression_ratio=0.25, window_size=64, kernel_size=5), alpha_safeguard=0.2)"
meta-llama/Llama-3.1-8B-Instruct,adakv_snapkv,AdaSnapKV,True,0.5,0.5,91.17,100.0,100.0,47.6,99.8,100.0,96.4,99.9,99.4,99.36,99.16,93.53,88.0,62.0,"AdaKVPress(press=SnapKVPress(compression_ratio=0.5, window_size=64, kernel_size=5), alpha_safeguard=0.2)"
meta-llama/Llama-3.1-8B-Instruct,adakv_snapkv,AdaSnapKV,True,0.75,0.75,82.62,100.0,100.0,5.8,100.0,98.4,47.0,99.65,96.95,94.84,94.84,87.2,87.8,61.6,"AdaKVPress(press=SnapKVPress(compression_ratio=0.75, window_size=64, kernel_size=5), alpha_safeguard=0.2)"
meta-llama/Llama-3.1-8B-Instruct,adakv_snapkv,AdaSnapKV,True,0.875,0.875,71.32,100.0,99.8,2.4,99.0,90.2,4.2,97.0,74.8,72.04,68.78,74.53,84.2,60.2,"AdaKVPress(press=SnapKVPress(compression_ratio=0.875, window_size=64, kernel_size=5), alpha_safeguard=0.2)"
meta-llama/Llama-3.1-8B-Instruct,chunkkv,ChunkKV,True,0.25,0.25,95.5,100.0,100.0,100.0,99.8,100.0,99.4,99.75,99.55,99.92,99.52,93.53,87.8,62.2,"ChunkKVPress(press=SnapKVPress(compression_ratio=0.25, window_size=64, kernel_size=5), chunk_length=20)"
meta-llama/Llama-3.1-8B-Instruct,chunkkv,ChunkKV,True,0.5,0.5,94.76,100.0,100.0,99.6,99.8,100.0,95.4,99.45,98.2,99.88,97.38,91.73,88.2,62.2,"ChunkKVPress(press=SnapKVPress(compression_ratio=0.5, window_size=64, kernel_size=5), chunk_length=20)"
meta-llama/Llama-3.1-8B-Instruct,chunkkv,ChunkKV,True,0.75,0.75,90.69,100.0,99.4,98.0,100.0,98.8,72.8,97.7,94.0,97.76,82.74,89.4,87.2,61.2,"ChunkKVPress(press=SnapKVPress(compression_ratio=0.75, window_size=64, kernel_size=5), chunk_length=20)"
meta-llama/Llama-3.1-8B-Instruct,chunkkv,ChunkKV,True,0.875,0.875,72.39,100.0,97.4,65.6,86.8,87.6,23.6,79.0,57.65,68.32,47.72,84.73,83.2,59.4,"ChunkKVPress(press=SnapKVPress(compression_ratio=0.875, window_size=64, kernel_size=5), chunk_length=20)"
meta-llama/Llama-3.1-8B-Instruct,cur,CUR,False,0.25,0.25,93.85,99.4,99.8,83.0,99.8,100.0,99.0,99.6,99.65,99.04,99.54,94.0,85.8,61.4,"CURPress(compression_ratio=0.25, num_sinks=4, leverage_type='kv_product', use_random_leverage=False, use_local_approximation=True, local_window_size=16)"
meta-llama/Llama-3.1-8B-Instruct,cur,CUR,False,0.5,0.5,79.41,96.0,98.8,18.4,99.0,95.8,32.6,98.75,96.7,76.8,85.72,92.73,80.8,60.2,"CURPress(compression_ratio=0.5, num_sinks=4, leverage_type='kv_product', use_random_leverage=False, use_local_approximation=True, local_window_size=16)"
meta-llama/Llama-3.1-8B-Instruct,cur,CUR,False,0.75,0.75,45.57,50.6,56.4,0.2,83.4,51.0,0.2,87.3,72.6,8.0,16.84,57.27,61.0,47.6,"CURPress(compression_ratio=0.75, num_sinks=4, leverage_type='kv_product', use_random_leverage=False, use_local_approximation=True, local_window_size=16)"
meta-llama/Llama-3.1-8B-Instruct,cur,CUR,False,0.875,0.875,19.76,26.2,11.8,0.0,40.2,9.6,0.0,39.65,32.55,0.8,1.54,19.2,38.2,37.2,"CURPress(compression_ratio=0.875, num_sinks=4, leverage_type='kv_product', use_random_leverage=False, use_local_approximation=True, local_window_size=16)"
meta-llama/Llama-3.1-8B-Instruct,duo_attention,DuoAttention,False,0.25,0.2226,95.67,100.0,100.0,99.8,99.8,100.0,99.8,99.85,99.9,99.88,99.68,95.2,87.6,62.2,"DuoAttentionPress(head_compression_ratio=0.25, on_the_fly_scoring=False, compression_ratio_=None, recent_size=None, sink_size=None, streaming_mask=None)"
meta-llama/Llama-3.1-8B-Instruct,duo_attention,DuoAttention,False,0.5,0.4453,95.31,100.0,100.0,100.0,100.0,99.8,100.0,99.5,99.05,97.92,98.88,96.13,86.4,61.4,"DuoAttentionPress(head_compression_ratio=0.5, on_the_fly_scoring=False, compression_ratio_=None, recent_size=None, sink_size=None, streaming_mask=None)"
meta-llama/Llama-3.1-8B-Instruct,duo_attention,DuoAttention,False,0.75,0.6679,73.2,48.6,82.0,96.2,82.6,66.8,25.8,65.85,78.15,80.64,96.0,91.13,85.0,52.8,"DuoAttentionPress(head_compression_ratio=0.75, on_the_fly_scoring=False, compression_ratio_=None, recent_size=None, sink_size=None, streaming_mask=None)"
meta-llama/Llama-3.1-8B-Instruct,duo_attention,DuoAttention,False,0.875,0.7792,26.5,10.4,11.8,12.0,15.0,7.8,6.8,16.65,14.5,17.8,43.14,82.4,78.8,27.4,"DuoAttentionPress(head_compression_ratio=0.875, on_the_fly_scoring=False, compression_ratio_=None, recent_size=None, sink_size=None, streaming_mask=None)"
meta-llama/Llama-3.1-8B-Instruct,duo_attention_on_the_fly,DuoAttnOnTheFly,False,0.25,0.2226,95.54,100.0,100.0,99.8,99.8,99.8,99.8,99.85,99.85,99.88,99.62,94.6,87.0,62.0,"DuoAttentionPress(head_compression_ratio=0.25, on_the_fly_scoring=True, compression_ratio_=None, recent_size=None, sink_size=None, streaming_mask=None)"
meta-llama/Llama-3.1-8B-Instruct,duo_attention_on_the_fly,DuoAttnOnTheFly,False,0.5,0.4453,95.66,100.0,100.0,100.0,100.0,100.0,99.8,99.95,99.8,99.52,99.78,94.67,87.0,63.0,"DuoAttentionPress(head_compression_ratio=0.5, on_the_fly_scoring=True, compression_ratio_=None, recent_size=None, sink_size=None, streaming_mask=None)"
meta-llama/Llama-3.1-8B-Instruct,duo_attention_on_the_fly,DuoAttnOnTheFly,False,0.75,0.6679,93.71,99.6,99.2,99.8,98.4,99.8,99.6,98.75,91.65,97.68,95.18,92.33,88.8,57.4,"DuoAttentionPress(head_compression_ratio=0.75, on_the_fly_scoring=True, compression_ratio_=None, recent_size=None, sink_size=None, streaming_mask=None)"
meta-llama/Llama-3.1-8B-Instruct,duo_attention_on_the_fly,DuoAttnOnTheFly,False,0.875,0.7792,35.71,37.2,27.6,12.2,29.6,41.2,10.0,26.8,20.15,8.72,35.58,90.73,83.0,41.4,"DuoAttentionPress(head_compression_ratio=0.875, on_the_fly_scoring=True, compression_ratio_=None, recent_size=None, sink_size=None, streaming_mask=None)"
meta-llama/Llama-3.1-8B-Instruct,expected_attention,ExpectedAttention(AdaKV-wrapped),False,0.25,0.25,95.25,100.0,99.8,99.6,99.6,99.6,99.8,99.8,99.65,99.84,99.64,94.47,85.2,61.2,"AdaKVPress(press=ExpectedAttentionPress(compression_ratio=0.25, n_future_positions=512, n_sink=4, use_covariance=True, use_vnorm=True, epsilon=0.01), alpha_safeguard=0.2)"
meta-llama/Llama-3.1-8B-Instruct,expected_attention,ExpectedAttention(AdaKV-wrapped),False,0.5,0.5,92.18,99.8,99.8,92.8,99.2,96.2,80.4,99.3,97.75,99.48,99.46,94.93,81.0,58.2,"AdaKVPress(press=ExpectedAttentionPress(compression_ratio=0.5, n_future_positions=512, n_sink=4, use_covariance=True, use_vnorm=True, epsilon=0.01), alpha_safeguard=0.2)"
meta-llama/Llama-3.1-8B-Instruct,expected_attention,ExpectedAttention(AdaKV-wrapped),False,0.75,0.75,75.94,99.8,98.6,11.4,96.4,78.4,28.2,94.3,84.2,96.92,95.86,93.8,58.8,50.6,"AdaKVPress(press=ExpectedAttentionPress(compression_ratio=0.75, n_future_positions=512, n_sink=4, use_covariance=True, use_vnorm=True, epsilon=0.01), alpha_safeguard=0.2)"
meta-llama/Llama-3.1-8B-Instruct,expected_attention,ExpectedAttention(AdaKV-wrapped),False,0.875,0.875,45.13,97.2,74.2,0.0,50.2,19.0,0.2,48.5,39.15,81.28,45.66,66.07,30.8,34.4,"AdaKVPress(press=ExpectedAttentionPress(compression_ratio=0.875, n_future_positions=512, n_sink=4, use_covariance=True, use_vnorm=True, epsilon=0.01), alpha_safeguard=0.2)"
meta-llama/Llama-3.1-8B-Instruct,finch,Finch,True,0.25,0.25,93.71,100.0,100.0,99.8,99.2,89.0,87.8,99.85,98.75,99.96,99.28,94.0,88.0,62.6,"FinchPress(compression_ratio=0.25, chunk_length=None, normalize_scores=True, rerotate_keys=True, delimiter_token=None, delimiter_token_id=None, window_size=None)"
meta-llama/Llama-3.1-8B-Instruct,finch,Finch,True,0.5,0.5,90.3,99.8,99.4,91.2,99.2,78.6,69.8,99.2,96.65,99.88,97.76,91.0,87.2,64.2,"FinchPress(compression_ratio=0.5, chunk_length=None, normalize_scores=True, rerotate_keys=True, delimiter_token=None, delimiter_token_id=None, window_size=None)"
meta-llama/Llama-3.1-8B-Instruct,finch,Finch,True,0.75,0.75,77.33,99.8,94.8,27.0,98.0,70.0,12.4,95.9,89.15,99.64,86.48,85.53,84.4,62.2,"FinchPress(compression_ratio=0.75, chunk_length=None, normalize_scores=True, rerotate_keys=True, delimiter_token=None, delimiter_token_id=None, window_size=None)"
meta-llama/Llama-3.1-8B-Instruct,finch,Finch,True,0.875,0.875,66.25,99.6,89.6,0.8,98.2,56.0,0.0,85.95,68.9,93.4,54.8,74.6,80.2,59.2,"FinchPress(compression_ratio=0.875, chunk_length=None, normalize_scores=True, rerotate_keys=True, delimiter_token=None, delimiter_token_id=None, window_size=None)"
meta-llama/Llama-3.1-8B-Instruct,keydiff,KeyDiff,False,0.25,0.25,91.59,100.0,100.0,100.0,100.0,98.8,53.2,99.9,99.9,99.88,99.1,94.73,84.2,61.0,KeyDiffPress(compression_ratio=0.25)
meta-llama/Llama-3.1-8B-Instruct,keydiff,KeyDiff,False,0.5,0.5,85.46,100.0,100.0,100.0,100.0,88.8,11.0,99.95,99.75,99.88,94.34,92.87,75.0,49.4,KeyDiffPress(compression_ratio=0.5)
meta-llama/Llama-3.1-8B-Instruct,keydiff,KeyDiff,False,0.75,0.75,72.9,100.0,100.0,100.0,100.0,30.0,0.0,99.85,98.95,99.6,56.9,85.8,45.0,31.6,KeyDiffPress(compression_ratio=0.75)
meta-llama/Llama-3.1-8B-Instruct,keydiff,KeyDiff,False,0.875,0.875,63.34,100.0,99.8,99.8,98.6,4.4,0.0,99.4,97.5,85.0,16.48,73.87,26.6,22.0,KeyDiffPress(compression_ratio=0.875)
meta-llama/Llama-3.1-8B-Instruct,knorm,Knorm,False,0.25,0.25,76.3,100.0,97.4,32.2,91.2,39.4,27.2,91.7,93.5,99.92,99.3,93.87,68.8,57.4,KnormPress(compression_ratio=0.25)
meta-llama/Llama-3.1-8B-Instruct,knorm,Knorm,False,0.5,0.5,52.78,100.0,72.6,1.0,39.8,9.0,4.6,36.25,54.45,99.76,90.92,90.33,42.4,45.0,KnormPress(compression_ratio=0.5)
meta-llama/Llama-3.1-8B-Instruct,knorm,Knorm,False,0.75,0.75,30.3,100.0,5.8,0.0,4.4,2.6,0.4,2.85,6.95,92.96,47.16,81.6,20.6,28.6,KnormPress(compression_ratio=0.75)
meta-llama/Llama-3.1-8B-Instruct,knorm,Knorm,False,0.875,0.875,21.22,98.8,0.6,0.0,0.2,0.8,0.0,0.65,1.9,51.08,20.52,69.87,14.4,17.0,KnormPress(compression_ratio=0.875)
meta-llama/Llama-3.1-8B-Instruct,kvzip,KVzip,False,0.25,0.25,95.47,100.0,100.0,100.0,100.0,100.0,99.8,99.95,99.9,99.92,99.62,94.27,86.2,61.4,"KVzipPress(compression_ratio=0.25, layerwise=False, n_sink=4, kvzip_plus_normalization=False)"
meta-llama/Llama-3.1-8B-Instruct,kvzip,KVzip,False,0.5,0.5,95.43,99.8,100.0,100.0,100.0,100.0,99.8,100.0,99.95,99.92,99.66,94.27,85.8,61.4,"KVzipPress(compression_ratio=0.5, layerwise=False, n_sink=4, kvzip_plus_normalization=False)"
meta-llama/Llama-3.1-8B-Instruct,kvzip,KVzip,False,0.75,0.75,95.24,100.0,100.0,99.8,100.0,100.0,100.0,99.9,99.9,99.84,98.7,94.53,84.4,61.0,"KVzipPress(compression_ratio=0.75, layerwise=False, n_sink=4, kvzip_plus_normalization=False)"
meta-llama/Llama-3.1-8B-Instruct,kvzip,KVzip,False,0.875,0.875,92.8,100.0,100.0,100.0,99.2,99.6,97.8,99.5,98.2,99.44,84.34,92.27,79.8,56.2,"KVzipPress(compression_ratio=0.875, layerwise=False, n_sink=4, kvzip_plus_normalization=False)"
meta-llama/Llama-3.1-8B-Instruct,lagkv,LagKV,False,0.25,0.25,92.57,100.0,100.0,100.0,99.8,98.4,65.6,99.75,99.6,99.84,99.52,94.67,85.2,61.0,"LagKVPress(compression_ratio=0.25, n_sink=4, lag_size=128, cross_scoring=False)"
meta-llama/Llama-3.1-8B-Instruct,lagkv,LagKV,False,0.5,0.5,84.99,100.0,99.0,93.0,98.2,85.2,14.6,98.3,97.3,98.96,97.02,91.13,79.0,53.2,"LagKVPress(compression_ratio=0.5, n_sink=4, lag_size=128, cross_scoring=False)"
meta-llama/Llama-3.1-8B-Instruct,lagkv,LagKV,False,0.75,0.75,67.86,100.0,93.8,44.8,88.0,34.4,2.6,86.15,79.15,94.68,65.72,82.93,68.0,42.0,"LagKVPress(compression_ratio=0.75, n_sink=4, lag_size=128, cross_scoring=False)"
meta-llama/Llama-3.1-8B-Instruct,lagkv,LagKV,False,0.875,0.875,45.64,99.2,59.6,7.8,51.2,5.2,2.8,50.2,40.15,92.32,19.94,71.73,61.2,32.0,"LagKVPress(compression_ratio=0.875, n_sink=4, lag_size=128, cross_scoring=False)"
meta-llama/Llama-3.1-8B-Instruct,no_press,NoCompression,False,0.0,0.0,95.69,100.0,100.0,100.0,99.8,100.0,99.8,99.9,99.9,99.88,99.62,94.87,87.8,62.4,
meta-llama/Llama-3.1-8B-Instruct,observed_attention,ObservedAttention(H2O),False,0.25,0.25,74.93,75.2,46.2,17.2,87.2,94.4,49.8,82.9,82.8,97.32,99.68,94.33,87.0,60.0,ObservedAttentionPress(compression_ratio=0.25)
meta-llama/Llama-3.1-8B-Instruct,observed_attention,ObservedAttention(H2O),False,0.5,0.5,54.36,45.0,24.2,11.0,50.2,46.2,14.6,43.9,43.95,90.88,99.68,93.87,86.6,56.6,ObservedAttentionPress(compression_ratio=0.5)
meta-llama/Llama-3.1-8B-Instruct,observed_attention,ObservedAttention(H2O),False,0.75,0.75,34.23,18.2,2.8,4.8,11.8,12.4,3.8,6.65,5.0,62.68,97.8,91.4,82.8,44.8,ObservedAttentionPress(compression_ratio=0.75)
meta-llama/Llama-3.1-8B-Instruct,observed_attention,ObservedAttention(H2O),False,0.875,0.875,24.94,6.8,1.2,2.6,4.0,5.0,0.6,2.85,0.5,22.56,86.22,83.27,73.0,35.6,ObservedAttentionPress(compression_ratio=0.875)
meta-llama/Llama-3.1-8B-Instruct,pyramidkv,PyramidKV,False,0.25,0.25,82.76,98.6,99.8,11.0,98.4,89.2,52.4,98.6,97.95,94.92,99.28,93.47,84.4,57.8,"PyramidKVPress(compression_ratio=0.25, window_size=64, kernel_size=5, beta=20)"
meta-llama/Llama-3.1-8B-Instruct,pyramidkv,PyramidKV,False,0.5,0.5,69.08,97.2,98.2,4.2,85.6,59.4,16.0,76.45,76.05,83.4,87.64,89.07,73.2,51.6,"PyramidKVPress(compression_ratio=0.5, window_size=64, kernel_size=5, beta=20)"
meta-llama/Llama-3.1-8B-Instruct,pyramidkv,PyramidKV,False,0.75,0.75,43.39,77.0,55.4,2.4,34.4,17.2,1.6,27.05,25.3,59.84,84.5,85.6,56.4,37.4,"PyramidKVPress(compression_ratio=0.75, window_size=64, kernel_size=5, beta=20)"
meta-llama/Llama-3.1-8B-Instruct,pyramidkv,PyramidKV,False,0.875,0.875,27.15,62.2,19.4,2.4,20.8,7.2,0.6,18.0,16.1,36.72,34.4,72.67,36.2,26.2,"PyramidKVPress(compression_ratio=0.875, window_size=64, kernel_size=5, beta=20)"
meta-llama/Llama-3.1-8B-Instruct,qfilter,QFilter,False,0.25,0.25,79.1,100.0,94.8,8.6,95.8,88.8,12.8,97.5,96.45,99.88,99.6,94.67,81.8,57.6,"QFilterPress(compression_ratio=0.25, q_filters=None)"
meta-llama/Llama-3.1-8B-Instruct,qfilter,QFilter,False,0.5,0.5,62.86,100.0,72.4,0.6,70.8,22.8,2.8,68.35,72.75,99.88,97.42,91.8,67.0,50.6,"QFilterPress(compression_ratio=0.5, q_filters=None)"
meta-llama/Llama-3.1-8B-Instruct,qfilter,QFilter,False,0.75,0.75,40.69,100.0,28.0,0.0,13.8,3.2,0.2,18.1,20.55,99.6,74.54,85.73,46.0,39.2,"QFilterPress(compression_ratio=0.75, q_filters=None)"
meta-llama/Llama-3.1-8B-Instruct,qfilter,QFilter,False,0.875,0.875,30.98,100.0,7.6,0.0,2.4,1.4,0.0,3.45,5.25,97.8,46.72,76.13,31.8,30.2,"QFilterPress(compression_ratio=0.875, q_filters=None)"
meta-llama/Llama-3.1-8B-Instruct,random,Random,False,0.25,0.25,61.94,58.8,78.0,40.0,79.0,66.0,22.8,73.2,75.35,75.8,70.0,75.27,52.4,38.6,"RandomPress(compression_ratio=0.25, seed=None)"
meta-llama/Llama-3.1-8B-Instruct,random,Random,False,0.5,0.5,6.88,9.8,15.0,0.0,8.6,1.6,0.0,7.55,9.0,7.52,4.06,15.27,6.0,5.0,"RandomPress(compression_ratio=0.5, seed=None)"
meta-llama/Llama-3.1-8B-Instruct,random,Random,False,0.75,0.75,0.56,0.2,0.2,0.0,0.0,0.0,0.0,0.0,0.1,0.04,0.2,0.93,1.0,4.6,"RandomPress(compression_ratio=0.75, seed=None)"
meta-llama/Llama-3.1-8B-Instruct,random,Random,False,0.875,0.875,0.18,0.0,0.0,0.0,0.0,0.0,0.0,0.0,0.0,0.0,0.16,0.0,1.0,1.2,"RandomPress(compression_ratio=0.875, seed=None)"
meta-llama/Llama-3.1-8B-Instruct,snapkv,SnapKV,False,0.25,0.25,81.83,99.0,99.8,11.4,99.0,84.2,55.0,95.75,90.15,94.12,99.4,93.93,83.8,58.2,"SnapKVPress(compression_ratio=0.25, window_size=64, kernel_size=5)"
meta-llama/Llama-3.1-8B-Instruct,snapkv,SnapKV,True,0.25,0.25,94.52,100.0,100.0,88.8,99.8,100.0,98.6,99.9,99.6,99.32,99.32,93.6,87.6,62.2,"SnapKVPress(compression_ratio=0.25, window_size=64, kernel_size=5)"
meta-llama/Llama-3.1-8B-Instruct,snapkv,SnapKV,False,0.5,0.5,69.66,96.6,95.2,5.4,85.6,53.0,19.8,77.25,72.45,82.0,98.26,92.27,75.6,52.2,"SnapKVPress(compression_ratio=0.5, window_size=64, kernel_size=5)"
meta-llama/Llama-3.1-8B-Instruct,snapkv,SnapKV,True,0.5,0.5,88.9,100.0,100.0,37.2,99.8,99.2,85.0,99.95,99.2,97.76,97.72,89.73,88.0,62.2,"SnapKVPress(compression_ratio=0.5, window_size=64, kernel_size=5)"
meta-llama/Llama-3.1-8B-Instruct,snapkv,SnapKV,False,0.75,0.75,43.36,77.2,55.4,2.4,34.4,17.2,1.6,26.65,25.3,59.76,84.38,85.6,56.2,37.6,"SnapKVPress(compression_ratio=0.75, window_size=64, kernel_size=5)"
meta-llama/Llama-3.1-8B-Instruct,snapkv,SnapKV,True,0.75,0.75,78.76,100.0,100.0,5.2,100.0,95.2,27.8,99.95,97.55,88.4,81.8,77.53,88.0,62.4,"SnapKVPress(compression_ratio=0.75, window_size=64, kernel_size=5)"
meta-llama/Llama-3.1-8B-Instruct,snapkv,SnapKV,False,0.875,0.875,27.21,62.0,19.4,2.4,20.8,7.2,0.6,18.05,16.25,36.68,34.66,72.87,36.2,26.6,"SnapKVPress(compression_ratio=0.875, window_size=64, kernel_size=5)"
meta-llama/Llama-3.1-8B-Instruct,snapkv,SnapKV,True,0.875,0.875,67.96,100.0,99.0,2.4,99.2,88.6,2.2,97.3,72.0,66.24,47.72,66.4,82.2,60.2,"SnapKVPress(compression_ratio=0.875, window_size=64, kernel_size=5)"
meta-llama/Llama-3.1-8B-Instruct,streaming_llm,StreamingLLM,False,0.25,0.25,79.77,75.2,75.2,75.0,77.4,78.2,74.4,76.25,75.3,94.64,99.56,94.07,87.0,54.8,"StreamingLLMPress(compression_ratio=0.25, n_sink=4)"
meta-llama/Llama-3.1-8B-Instruct,streaming_llm,StreamingLLM,False,0.5,0.5,59.23,50.2,50.0,55.4,55.6,49.8,48.8,53.6,53.4,72.32,52.54,91.53,87.2,49.6,"StreamingLLMPress(compression_ratio=0.5, n_sink=4)"
meta-llama/Llama-3.1-8B-Instruct,streaming_llm,StreamingLLM,False,0.75,0.75,37.69,25.2,27.6,29.0,32.0,24.8,22.2,29.15,27.85,43.12,6.9,93.2,88.6,40.4,"StreamingLLMPress(compression_ratio=0.75, n_sink=4)"
meta-llama/Llama-3.1-8B-Instruct,streaming_llm,StreamingLLM,False,0.875,0.875,26.73,13.2,18.0,15.8,19.6,12.2,10.4,16.6,16.7,23.52,0.5,88.13,82.4,30.4,"StreamingLLMPress(compression_ratio=0.875, n_sink=4)"
meta-llama/Llama-3.1-8B-Instruct,tova,TOVA,False,0.25,0.25,87.35,100.0,100.0,95.4,99.8,72.8,33.4,99.9,99.8,99.88,97.18,90.73,86.8,59.8,TOVAPress(compression_ratio=0.25)
meta-llama/Llama-3.1-8B-Instruct,tova,TOVA,False,0.5,0.5,76.21,100.0,100.0,52.2,99.8,33.2,2.6,99.9,99.7,99.88,85.02,84.0,80.2,54.2,TOVAPress(compression_ratio=0.5)
meta-llama/Llama-3.1-8B-Instruct,tova,TOVA,False,0.75,0.75,63.32,100.0,99.8,4.6,98.2,7.0,0.0,97.55,96.9,96.6,52.82,70.47,56.4,42.8,TOVAPress(compression_ratio=0.75)
meta-llama/Llama-3.1-8B-Instruct,tova,TOVA,False,0.875,0.875,46.37,97.8,98.8,0.6,78.2,2.8,0.0,70.25,70.6,42.92,31.76,43.47,33.4,32.2,TOVAPress(compression_ratio=0.875)
